CardID,Course,Unit,WordCategoryEN,WordCategoryCY,BaseCY,BaseEN,NotesEN,NotesCY,BeforeCY,AfterCY,SentenceHelpEN,SentenceHelpCY,AnswerCY,AcceptedAnswerArray,OptionsArray,WhyEN,WhyCY,TagsEN,TagsCY
v000001,Uwch 1,1,noun-fem,enw benywaidd,her,challenge,Feminine noun meaning challenge. Plural heriau. Example: Roedd hi'n her fawr i mi.,Enw benywaidd sy'n golygu her. Lluosog: heriau. Enghraifft: Roedd hi'n her fawr i mi.,Roedd hi'n anodd ond dw i'n barod am yr,nesaf.,Glossary: anodd=difficult; barod=ready; am=for; yr=the; nesaf=next,Geirfa: anodd=difficult; barod=ready; am=for; yr=the; nesaf=next,her,her,her|cher|heriau|sialens,“Her” means “challenge”. After “yr” with a feminine singular noun you normally use a soft mutation but words starting with h do not change so it stays her.,Mae “her” yn golygu “challenge”. Ar ôl “yr” gyda enw benywaidd unigol mae treiglad meddal fel arfer ond nid yw geiriau sy'n dechrau gyda h yn newid felly mae'n aros yn her.,noun|feminine|definite-article|mutation|uwch1|unit1,enw|benywaidd|yr|treiglad|uwch1|uned1
v000002,Uwch 1,1,noun-fem,enw benywaidd,llinell derfyn,finishing line,Feminine noun phrase meaning finishing line. Plural llinellau terfyn. Example: Nes i groesi'r llinell derfyn ar y diwedd.,Ymadrodd enw benywaidd sy'n golygu llinell derfyn. Lluosog: llinellau terfyn. Enghraifft: Nes i groesi'r llinell derfyn ar y diwedd.,Rhedais i hyd at y,.,Glossary: rhedais=I ran; hyd at=as far as to; y=the,Geirfa: rhedais=I ran; hyd at=as far as to; y=the,linell derfyn,linell derfyn,linell derfyn|llinell derfyn|linell terfyn|llinellau terfyn,After the preposition at there is a soft mutation so llinell becomes linell. The phrase means the finish line.,Ar ôl y rhagferf at mae treiglad meddal felly mae llinell yn dod yn linell. Mae'r ymadrodd yn golygu'r llinell derfyn.,noun|feminine|phrase|soft-mutation|preposition|uwch1|unit1|sport,enw|benywaidd|ymadrodd|treiglad meddal|rhagferf|uwch1|uned1|chwaraeon
v000003,Uwch 1,1,noun-fem,enw benywaidd,ysgyfarnog,hare,Feminine noun meaning hare. Plural ysgyfarnogod. Example: Gwelais ysgyfarnog yn y cae.,Enw benywaidd sy'n golygu ysgyfarnog. Lluosog: ysgyfarnogod. Enghraifft: Gwelais ysgyfarnog yn y cae.,Gwelais,yn y cae ar fore Sadwrn.,Glossary: gwelais=I saw; cae=field; bore=morning; Sadwrn=Saturday,Geirfa: gwelais=I saw; cae=field; bore=morning; Sadwrn=Saturday,ysgyfarnog,ysgyfarnog,ysgyfarnog|ysgyfarnogod|ysgafarnog|ysgarnog,Ysgyfarnog means hare. It stays the same here because nothing in the sentence triggers a mutation.,Mae ysgyfarnog yn golygu hare. Mae'n aros yr un fath yma am nad oes dim yn y frawddeg yn achosi treiglad.,noun|feminine|animal|uwch1|unit1,enw|benywaidd|anifail|uwch1|uned1
v000004,Uwch 1,1,noun-masc,enw gwrywaidd,balchder,pride,Masculine noun meaning pride. Plural balchderau. Example: Mae balchder mawr ganddi yn ei gwaith.,Enw gwrywaidd sy'n golygu balchder. Lluosog: balchderau. Enghraifft: Mae balchder mawr ganddi yn ei gwaith.,Dw i'n teimlo fy,pan dw i'n gorffen y prosiect.,Glossary: teimlo=feel; fy=my; gorffen=finish; prosiect=project,Geirfa: teimlo=feel; fy=my; gorffen=finish; prosiect=project,malchder,malchder,malchder|balchder|falchder|balchedd,Balchder means pride. After fy there is a nasal mutation so b changes to m: balchder becomes malchder.,Mae balchder yn golygu pride. Ar ôl fy mae treiglad trwynol felly mae b yn newid i m: balchder yn dod yn malchder.,noun|masculine|nasal-mutation|possessive|uwch1|unit1|feelings,enw|gwrywaidd|treiglad trwynol|meddiannol|uwch1|uned1|teimladau
v000005,Uwch 1,1,noun-masc,enw gwrywaidd,cyhyr,muscle,Masculine noun meaning muscle. Plural cyhyrau. Example: Mae'r cyhyr hwn yn boenus heddiw.,Enw gwrywaidd sy'n golygu cyhyr. Lluosog: cyhyrau. Enghraifft: Mae'r cyhyr hwn yn boenus heddiw.,Mae e wedi tynnu ei,yn ei ysgwydd.,Glossary: tynnu=pull; ei=his; ysgwydd=shoulder,Geirfa: tynnu=pull; ei=his; ysgwydd=shoulder,gyhyr,gyhyr,gyhyr|cyhyr|nghyhyr|chyhyr,Cyhyr means muscle. After ei (his) there is a soft mutation so c changes to g: cyhyr becomes gyhyr.,Mae cyhyr yn golygu muscle. Ar ôl ei (ei gyhyr) mae treiglad meddal felly mae c yn newid i g: cyhyr yn dod yn gyhyr.,noun|masculine|soft-mutation|possessive|body|uwch1|unit1,enw|gwrywaidd|treiglad meddal|meddiannol|corff|uwch1|uned1
v000006,Uwch 1,1,noun-masc,enw gwrywaidd,ffefryn,favourite,Masculine noun meaning favourite. Plural ffefrynnau. Example: Mae coffi yn ffefryn ganddi.,Enw gwrywaidd sy'n golygu ffefryn. Lluosog: ffefrynnau. Enghraifft: Mae coffi yn ffefryn ganddi.,Dyma fy,o blith yr holl lyfrau.,Glossary: dyma=here is; fy=my; o blith=from among; holl=all; llyfrau=books,Geirfa: dyma=here is; fy=my; o blith=from among; holl=all; llyfrau=books,ffefryn,ffefryn,ffefryn|hoff|ffefrynnau|ffefrynau,Ffefryn means favourite. It does not change here because ff does not mutate after fy.,Mae ffefryn yn golygu favourite. Nid yw'n newid yma am nad yw ff yn treiglo ar ôl fy.,noun|masculine|no-mutation|possessive|preferences|uwch1|unit1,enw|gwrywaidd|dim treiglad|meddiannol|hoff bethau|uwch1|uned1
v000007,Uwch 1,1,noun-pl,enw lluosog,ffefrynnau,favourites,Plural noun meaning favourites. Singular ffefryn. Example: Dyma fy ffefrynnau ar y rhestr.,Enw lluosog sy'n golygu favourites. Unigol: ffefryn. Enghraifft: Dyma fy ffefrynnau ar y rhestr.,Mae gen i lawer o,ar y rhestr chwarae.,Glossary: mae gen i=I have; lawer=many; rhestr chwarae=playlist,Geirfa: mae gen i=I have; lawer=many; rhestr chwarae=playlist,ffefrynnau,ffefrynnau,ffefrynnau|ffefryn|ffeffrynnau|fefrynnau,Ffefrynnau means favourites and is the plural of ffefryn. It stays the same here because ff does not change under soft mutation.,Mae ffefrynnau yn golygu favourites ac mae'n lluosog ffefryn. Mae'n aros yr un fath yma am nad yw ff yn newid o dan dreiglad meddal.,noun|plural|preferences|uwch1|unit1,enw|lluosog|hoff bethau|uwch1|uned1
v000008,Uwch 1,1,noun-masc,enw gwrywaidd,gwn,gun,Masculine noun meaning gun. Plural gynnau. Example: Roedd gwn ganddo fo.,Enw gwrywaidd sy'n golygu gwn. Lluosog: gynnau. Enghraifft: Roedd gwn ganddo fo.,Collodd e ei,yn ystod y daith.,Glossary: collodd=lost; ei=his; yn ystod=during; taith=journey,Geirfa: collodd=lost; ei=his; yn ystod=during; taith=journey,wn,wn,wn|gwn|ngwn|gynnau,Gwn means gun. After ei (his) there is a soft mutation and initial g disappears: gwn becomes wn.,Mae gwn yn golygu gun. Ar ôl ei (ei wn) mae treiglad meddal ac mae'r g ar y dechrau yn diflannu: gwn yn dod yn wn.,noun|masculine|soft-mutation|possessive|uwch1|unit1,enw|gwrywaidd|treiglad meddal|meddiannol|uwch1|uned1
v000009,Uwch 1,1,noun-pl,enw lluosog,gynnau,guns,Plural noun meaning guns. Singular gwn. Example: Roedd gan y milwyr gynnau.,Enw lluosog sy'n golygu guns. Unigol: gwn. Enghraifft: Roedd gan y milwyr gynnau.,Roedd y milwyr wedi cuddio eu,yn y sied.,Glossary: milwyr=soldiers; cuddio=hide; eu=their; sied=shed,Geirfa: milwyr=soldiers; cuddio=hide; eu=their; sied=shed,ynnau,ynnau,ynnau|gynnau|nghynnau|gynau,Gynnau means guns and is the plural of gwn. After eu (their) there is a soft mutation and initial g disappears: gynnau becomes ynnau.,Mae gynnau yn golygu guns ac mae'n lluosog gwn. Ar ôl eu (eu ynnau) mae treiglad meddal ac mae'r g ar y dechrau yn diflannu: gynnau yn dod yn ynnau.,noun|plural|soft-mutation|possessive|uwch1|unit1,enw|lluosog|treiglad meddal|meddiannol|uwch1|uned1
v000010,Uwch 1,1,noun-masc,enw gwrywaidd,lleithder,humidity; dampness,Masculine noun meaning humidity or dampness. No common plural. Example: Mae lleithder yn yr awyr heddiw.,Enw gwrywaidd sy'n golygu lleithder neu wlybaniaeth. Dim lluosog cyffredin. Enghraifft: Mae lleithder yn yr awyr heddiw.,Roedd y bore 'ma'n llawn o,.,Glossary: bore 'ma=this morning; llawn=full; o=of,Geirfa: bore 'ma=this morning; llawn=full; o=of,leithder,leithder,leithder|lleithder|gleithder|llaithder,Lleithder means humidity or dampness. After o there is a soft mutation so ll changes to l: lleithder becomes leithder.,Mae lleithder yn golygu humidity neu dampness. Ar ôl o mae treiglad meddal felly mae ll yn newid i l: lleithder yn dod yn leithder.,noun|masculine|soft-mutation|preposition|weather|uwch1|unit1,enw|gwrywaidd|treiglad meddal|rhagferf|tywydd|uwch1|uned1
v000011,Uwch 1,1,noun-masc,enw gwrywaidd,llysenw,nickname,Masculine noun meaning nickname. Plural llysenwau. Example: Mae ganddi llysenw doniol.,Enw gwrywaidd sy'n golygu llysenw. Lluosog: llysenwau. Enghraifft: Mae ganddi llysenw doniol.,Beth yw ei,yn y gwaith?,Glossary: beth yw=what is; ei=his her; gwaith=work,Geirfa: beth yw=what is; ei=his her; gwaith=work,lysenw,lysenw,lysenw|llysenw|llysenwau|llys enw,Llysenw means nickname. After ei there is a soft mutation so ll changes to l: llysenw becomes lysenw.,Mae llysenw yn golygu nickname. Ar ôl ei mae treiglad meddal felly mae ll yn newid i l: llysenw yn dod yn lysenw.,noun|masculine|soft-mutation|possessive|people|uwch1|unit1,enw|gwrywaidd|treiglad meddal|meddiannol|pobl|uwch1|uned1
v000012,Uwch 1,1,noun-masc,enw gwrywaidd,milwr,soldier,Masculine noun meaning soldier. Plural milwyr. Example: Roedd y milwr yn sefyll ar warchod.,Enw gwrywaidd sy'n golygu milwr. Lluosog: milwyr. Enghraifft: Roedd y milwr yn sefyll ar warchod.,Wyt ti wedi colli dy,bach?,Glossary: colli=lose; dy=your; bach=little,Geirfa: colli=lose; dy=your; bach=little,filwr,filwr,filwr|milwr|milwyr|filwyr,Milwr means soldier. After dy there is a soft mutation so m changes to f: milwr becomes filwr.,Mae milwr yn golygu soldier. Ar ôl dy mae treiglad meddal felly mae m yn newid i f: milwr yn dod yn filwr.,noun|masculine|soft-mutation|possessive|jobs|uwch1|unit1,enw|gwrywaidd|treiglad meddal|meddiannol|gwaith|uwch1|uned1
v000013,Uwch 1,1,noun-pl,enw lluosog,milwyr,soldiers,Plural noun meaning soldiers. Singular milwr. Example: Daeth y milwyr adref yn ddiogel.,Enw lluosog sy'n golygu soldiers. Unigol: milwr. Enghraifft: Daeth y milwyr adref yn ddiogel.,Roedd hi'n anodd i'r,gerdded drwy'r eira.,Glossary: anodd=difficult; i'r=for the to the; gerdded=walk; drwy'r=through the; eira=snow,Geirfa: anodd=difficult; i'r=for the to the; gerdded=walk; drwy'r=through the; eira=snow,filwyr,filwyr,filwyr|milwyr|milwr|filwr,Milwyr means soldiers and is the plural of milwr. After i there is a soft mutation so m changes to f: milwyr becomes filwyr.,Mae milwyr yn golygu soldiers ac mae'n lluosog milwr. Ar ôl i mae treiglad meddal felly mae m yn newid i f: milwyr yn dod yn filwyr.,noun|plural|soft-mutation|preposition|jobs|uwch1|unit1,enw|lluosog|treiglad meddal|rhagferf|gwaith|uwch1|uned1
v000014,Uwch 2,6,noun-masc,enw-gwrywaidd,cadfridog,general,"Masculine noun meaning ""general"" (a high-ranking army officer). Plural: cadfridogion. Example: Cafodd y cadfridog ei wahodd i’r seremoni.","Enw gwrywaidd sy’n golygu ""general"" (swyddog uchel yn y fyddin). Lluosog: cadfridogion. Enghraifft: Cafodd y cadfridog ei wahodd i’r seremoni.","Cafodd y milwyr gyfarfod gyda'i","cyn y frwydr.","Glossary: milwyr=soldiers; cyfarfod=to meet/meeting; gyda'i=with his; cyn=before; brwydr=battle","Geirfa: milwyr=soldiers; cyfarfod=to meet/meeting; gyda'i=gyda ei (gyda'i); cyn=before; brwydr=battle",gadfridog,gadfridog,"gadfridog|cadfridog|gadfridogion|gadfridwg","""Cadfridog"" is masculine. After ""ei"" meaning ""his"", a soft mutation is used, so ""cadfridog"" becomes ""gadfridog"" (c→g).","Mae ""cadfridog"" yn enw gwrywaidd. Ar ôl ""ei"" sy’n golygu ""ei (ef)"", defnyddir treiglad meddal, felly mae ""cadfridog"" yn dod yn ""gadfridog"" (c→g).","noun|masculine|mutation|military|uwch2|uned6","enw|gwrywaidd|treiglad|milwrol|uwch2|uned6"
v000015,Uwch 2,6,noun-pl,enw-lluosog,cadfridogion,generals,"Plural form of ""cadfridog"" (general): cadfridogion. Example: Gwelson ni’r cadfridogion ar y maes parêd.","Lluosog ""cadfridog"" (general): cadfridogion. Enghraifft: Gwelson ni’r cadfridogion ar y maes parêd.","Roedd y fyddin yn falch o'u","ar ôl y parêd.","Glossary: byddin=army; balch=proud; o'u=of their; ar ôl=after; parêd=parade","Geirfa: byddin=army; balch=proud; o'u=o eu; ar ôl=after; parêd=parade",gadfridogion,gadfridogion,"gadfridogion|cadfridogion|gadfridog|cadfridog","This is the plural. After ""eu"" (their) there is soft mutation, so ""cadfridogion"" becomes ""gadfridogion"" (c→g).","Dyma’r lluosog. Ar ôl ""eu"" (their) ceir treiglad meddal, felly mae ""cadfridogion"" yn dod yn ""gadfridogion"" (c→g).","noun|plural|mutation|military|uwch2|uned6","enw|lluosog|treiglad|milwrol|uwch2|uned6"
v000016,Uwch 2,6,noun-masc,enw-gwrywaidd,cadoediad,armistice,"Masculine noun meaning ""armistice/truce/ceasefire"". Plural: cadoediadau. Example: Daeth y rhyfel i ben ar ôl cadoediad byr.","Enw gwrywaidd sy’n golygu ""cadoediad"" (armistice/truce/ceasefire). Lluosog: cadoediadau. Enghraifft: Daeth y rhyfel i ben ar ôl cadoediad byr.","Llwyddon nhw i gytuno ar ei","ar ôl wythnos o drafod.","Glossary: llwyddo=to succeed; cytuno=to agree; ar ei=on his; wythnos=week; trafod=discussion/negotiation","Geirfa: llwyddo=to succeed; cytuno=to agree; ar ei=ar ei (ef); wythnos=week; trafod=discussion/negotiation",gadoediad,gadoediad,"gadoediad|cadoediad|gadoediadau|cadoediadau","""Cadoediad"" is masculine. After ""ei"" meaning ""his"", soft mutation applies: ""cadoediad"" → ""gadoediad"" (c→g).","Mae ""cadoediad"" yn enw gwrywaidd. Ar ôl ""ei"" (ei ef) ceir treiglad meddal: ""cadoediad"" → ""gadoediad"" (c→g).","noun|masculine|mutation|peace|politics|uwch2|uned6","enw|gwrywaidd|treiglad|heddwch|gwleidyddiaeth|uwch2|uned6"
v000017,Uwch 2,6,noun-pl,enw-lluosog,cadoediadau,armistices,"Plural of ""cadoediad"": cadoediadau. Example: Cafwyd sawl cadoediadau dros y blynyddoedd.","Lluosog ""cadoediad"": cadoediadau. Enghraifft: Cafwyd sawl cadoediadau dros y blynyddoedd.","Clywon ni am eu","drwy'r byd.","Glossary: clywed=to hear; am=about; eu=their; drwy'r byd=around the world","Geirfa: clywed=to hear; am=about; eu=their; drwy'r byd=around the world",gadoediadau,gadoediadau,"gadoediadau|cadoediadau|gadoediad|cadoediad","Plural form. After ""eu"" (their), soft mutation applies: ""cadoediadau"" → ""gadoediadau"" (c→g).","Ffurf luosog. Ar ôl ""eu"" (their) ceir treiglad meddal: ""cadoediadau"" → ""gadoediadau"" (c→g).","noun|plural|mutation|peace|politics|uwch2|uned6","enw|lluosog|treiglad|heddwch|gwleidyddiaeth|uwch2|uned6"
v000018,Uwch 2,6,noun-masc,enw-gwrywaidd,ffoadur,refugee,"Masculine noun meaning ""refugee"". Plural: ffoaduriaid. Example: Roedd y ffoadur yn chwilio am ddiogelwch.","Enw gwrywaidd sy’n golygu ""refugee"". Lluosog: ffoaduriaid. Enghraifft: Roedd y ffoadur yn chwilio am ddiogelwch.","Roedd e'n helpu ei","i gael cartref newydd.","Glossary: helpu=to help; ei=his; cael=to get; cartref=home; newydd=new","Geirfa: helpu=to help; ei=ei (ef); cael=to get; cartref=home; newydd=new",foadur,foadur,"foadur|ffoadur|ffoaduriaid|foaduriaid","""Ffoadur"" is masculine. After ""ei"" meaning ""his"", soft mutation is used, and ""ff"" becomes ""f"": ""ffoadur"" → ""foadur"".","Mae ""ffoadur"" yn enw gwrywaidd. Ar ôl ""ei"" (ei ef) defnyddir treiglad meddal, ac mae ""ff"" yn dod yn ""f"": ""ffoadur"" → ""foadur"".","noun|masculine|mutation|people|society|uwch2|uned6","enw|gwrywaidd|treiglad|pobl|cymdeithas|uwch2|uned6"
v000019,Uwch 2,6,noun-pl,enw-lluosog,ffoaduriaid,refugees,"Plural of ""ffoadur"": ffoaduriaid. Example: Mae'r elusen yn cefnogi ffoaduriaid yn lleol.","Lluosog ""ffoadur"": ffoaduriaid. Enghraifft: Mae'r elusen yn cefnogi ffoaduriaid yn lleol.","Mae'r elusen yn cefnogi eu","yn lleol.","Glossary: elusen=charity; cefnogi=to support; eu=their; lleol=locally","Geirfa: elusen=charity; cefnogi=to support; eu=their; lleol=locally",foaduriaid,foaduriaid,"foaduriaid|ffoaduriaid|foadur|ffoadur","Plural form. After ""eu"" (their), soft mutation applies and ""ff"" becomes ""f"": ""ffoaduriaid"" → ""foaduriaid"".","Ffurf luosog. Ar ôl ""eu"" (their) ceir treiglad meddal ac mae ""ff"" yn dod yn ""f"": ""ffoaduriaid"" → ""foaduriaid"".","noun|plural|mutation|people|society|uwch2|uned6","enw|lluosog|treiglad|pobl|cymdeithas|uwch2|uned6"
v000020,Uwch 2,6,noun-masc,enw-gwrywaidd,galar,grief,"Masculine noun meaning ""grief"" (often after a loss). Example: Roedd galar mawr yn y teulu ar ôl y farwolaeth.","Enw gwrywaidd sy’n golygu ""galar"" (yn aml ar ôl colled). Enghraifft: Roedd galar mawr yn y teulu ar ôl y farwolaeth.","Ar ôl y newyddion, roedd ei","yn amlwg.","Glossary: ar ôl=after; newyddion=news; ei=his; amlwg=obvious/clear","Geirfa: ar ôl=after; newyddion=news; ei=ei (ef); amlwg=obvious/clear",alar,alar,"alar|galar|galarn|galaru","After ""ei"" meaning ""his"", soft mutation happens. With words starting with ""g"", the ""g"" disappears, so ""galar"" becomes ""alar"".","Ar ôl ""ei"" (ei ef) ceir treiglad meddal. Gyda geiriau sy’n dechrau gyda ""g"", mae’r ""g"" yn diflannu, felly mae ""galar"" yn dod yn ""alar"".","noun|masculine|mutation|feelings|uwch2|uned6","enw|gwrywaidd|treiglad|teimladau|uwch2|uned6"
v000021,Uwch 2,6,noun-masc,enw-gwrywaidd,goddrych,subject,"Masculine noun meaning ""subject"" (in grammar). Plural: goddrychau. Example: Yn y frawddeg hon, y goddrych yw ""y bachgen"".","Enw gwrywaidd sy’n golygu ""goddrych"" (mewn gramadeg). Lluosog: goddrychau. Enghraifft: Yn y frawddeg hon, y goddrych yw ""y bachgen"".","Yn gramadegol, mae'n bwysig adnabod ei","mewn brawddeg.","Glossary: gramadegol=grammatically; bwysig=important; adnabod=to identify; ei=his; brawddeg=sentence","Geirfa: gramadegol=grammatically; bwysig=important; adnabod=to identify; ei=ei (ef); brawddeg=sentence",oddrych,oddrych,"oddrych|goddrych|goddrychau|oddrychau","""Goddrych"" is masculine. After ""ei"" (his) there is soft mutation, and initial ""g"" disappears: ""goddrych"" → ""oddrych"".","Mae ""goddrych"" yn enw gwrywaidd. Ar ôl ""ei"" (ei ef) ceir treiglad meddal, ac mae’r ""g"" ar y dechrau’n diflannu: ""goddrych"" → ""oddrych"".","noun|masculine|mutation|grammar|uwch2|uned6","enw|gwrywaidd|treiglad|gramadeg|uwch2|uned6"
v000022,Uwch 2,6,noun-pl,enw-lluosog,goddrychau,subjects,"Plural of ""goddrych"" (grammar subject): goddrychau. Example: Mae gan rai brawddegau ddau goddrychau.","Lluosog ""goddrych"" (gramadeg): goddrychau. Enghraifft: Mae gan rai brawddegau ddau goddrychau.","Mae'r tiwtor yn esbonio eu","yn glir.","Glossary: tiwtor=tutor; esbonio=to explain; eu=their; glir=clearly","Geirfa: tiwtor=tutor; esbonio=to explain; eu=their; glir=clearly",oddrychau,oddrychau,"oddrychau|goddrychau|oddrych|goddrych","Plural form. After ""eu"" (their), soft mutation applies and initial ""g"" disappears: ""goddrychau"" → ""oddrychau"".","Ffurf luosog. Ar ôl ""eu"" (their) ceir treiglad meddal ac mae’r ""g"" ar y dechrau’n diflannu: ""goddrychau"" → ""oddrychau"".","noun|plural|mutation|grammar|uwch2|uned6","enw|lluosog|treiglad|gramadeg|uwch2|uned6"
v000023,Uwch 2,6,noun-masc,enw-gwrywaidd,gwirfoddolwr,volunteer,"Masculine noun meaning ""volunteer"". Plural: gwirfoddolwyr. Example: Daeth gwirfoddolwr i helpu yn y digwyddiad.","Enw gwrywaidd sy’n golygu ""gwirfoddolwr"". Lluosog: gwirfoddolwyr. Enghraifft: Daeth gwirfoddolwr i helpu yn y digwyddiad.","Roedd y prosiect yn dibynnu ar ei","bob wythnos.","Glossary: prosiect=project; dibynnu=to depend; ar ei=on his; bob wythnos=every week","Geirfa: prosiect=project; dibynnu=to depend; ar ei=ar ei (ef); bob wythnos=every week",wirfoddolwr,wirfoddolwr,"wirfoddolwr|gwirfoddolwr|wirfoddolwyr|gwirfoddolwyr","After ""ei"" (his), soft mutation removes the initial ""g"": ""gwirfoddolwr"" → ""wirfoddolwr"".","Ar ôl ""ei"" (ei ef) ceir treiglad meddal ac mae’r ""g"" ar y dechrau’n diflannu: ""gwirfoddolwr"" → ""wirfoddolwr"".","noun|masculine|mutation|community|work|uwch2|uned6","enw|gwrywaidd|treiglad|cymuned|gwaith|uwch2|uned6"
v000024,Uwch 2,6,noun-pl,enw-lluosog,gwirfoddolwyr,volunteers,"Plural of ""gwirfoddolwr"": gwirfoddolwyr. Example: Diolch i'r gwirfoddolwyr am eu help.","Lluosog ""gwirfoddolwr"": gwirfoddolwyr. Enghraifft: Diolch i'r gwirfoddolwyr am eu help.","Roedden ni'n ddiolchgar am eu","drwy'r dydd.","Glossary: diolchgar=grateful; am=for; eu=their; drwy'r dydd=throughout the day","Geirfa: diolchgar=grateful; am=for; eu=their; drwy'r dydd=throughout the day",wirfoddolwyr,wirfoddolwyr,"wirfoddolwyr|gwirfoddolwyr|wirfoddolwr|gwirfoddolwr","Plural form. After ""eu"" (their), soft mutation removes initial ""g"": ""gwirfoddolwyr"" → ""wirfoddolwyr"".","Ffurf luosog. Ar ôl ""eu"" (their) ceir treiglad meddal ac mae’r ""g"" ar y dechrau’n diflannu: ""gwirfoddolwyr"" → ""wirfoddolwyr"".","noun|plural|mutation|community|work|uwch2|uned6","enw|lluosog|treiglad|cymuned|gwaith|uwch2|uned6"
v000025,Uwch 2,6,noun-masc,enw-gwrywaidd,gwrthwynebiad,opposition,"Masculine noun meaning ""opposition"" (resistance to an idea/plan). Example: Bu gwrthwynebiad cryf i’r cynllun.","Enw gwrywaidd sy’n golygu ""gwrthwynebiad"" (gwrthsafiad i syniad/cynllun). Enghraifft: Bu gwrthwynebiad cryf i’r cynllun.","Er gwaethaf ei",", aeth y cynllun ymlaen.","Glossary: er gwaethaf=despite; ei=his; aeth=went; cynllun=plan; ymlaen=forward/on","Geirfa: er gwaethaf=despite; ei=ei (ef); aeth=went; cynllun=plan; ymlaen=on",wrthwynebiad,wrthwynebiad,"wrthwynebiad|gwrthwynebiad|gwrthwyneb|wrthwyneb","After ""ei"" (his), soft mutation removes the initial ""g"": ""gwrthwynebiad"" → ""wrthwynebiad"".","Ar ôl ""ei"" (ei ef) ceir treiglad meddal ac mae’r ""g"" ar y dechrau’n diflannu: ""gwrthwynebiad"" → ""wrthwynebiad"".","noun|masculine|mutation|politics|debate|uwch2|uned6","enw|gwrywaidd|treiglad|gwleidyddiaeth|dadl|uwch2|uned6"
v000026,Uwch 2,6,noun-masc,enw-gwrywaidd,heddwch,peace,"Masculine noun meaning ""peace"". Example: Mae heddwch yn bwysig i bawb.","Enw gwrywaidd sy’n golygu ""heddwch"". Enghraifft: Mae heddwch yn bwysig i bawb.","Rydyn ni'n gobeithio am","yn y dyfodol.","Glossary: gobeithio=to hope; am=for; dyfodol=future","Geirfa: gobeithio=to hope; am=for; dyfodol=future",heddwch,heddwch,"heddwch|hedwch|heddiw|hedfan","""Heddwch"" means ""peace"". Here it is used as a general noun after ""am"" (for). No mutation is needed.","Mae ""heddwch"" yn golygu ""peace"". Yma mae’n cael ei ddefnyddio fel enw cyffredinol ar ôl ""am"". Does dim treiglad angen.","noun|masculine|abstract|society|uwch2|uned6","enw|gwrywaidd|haniaethol|cymdeithas|uwch2|uned6"
v000027,Uwch 2,6,noun-masc,enw-gwrywaidd,mawredd,greatness,"Masculine noun meaning ""greatness/grandeur"". Example: Roedd mawredd y castell yn drawiadol.","Enw gwrywaidd sy’n golygu ""mawredd"" (greatness/grandeur). Enghraifft: Roedd mawredd y castell yn drawiadol.","Roedden nhw'n edmygu ei","a'i charedigrwydd.","Glossary: edmygu=to admire; ei=his; caredigrwydd=kindness","Geirfa: edmygu=to admire; ei=ei (ef); caredigrwydd=kindness",fawredd,fawredd,"fawredd|mawredd|mawr|mawreddus","After ""ei"" (his), soft mutation applies: ""mawredd"" → ""fawredd"" (m→f).","Ar ôl ""ei"" (ei ef) ceir treiglad meddal: ""mawredd"" → ""fawredd"" (m→f).","noun|masculine|mutation|description|uwch2|uned6","enw|gwrywaidd|treiglad|disgrifiad|uwch2|uned6"
v000028,Uwch 2,6,noun-masc,enw-gwrywaidd,olew olewydd,olive oil,"Masculine noun phrase meaning ""olive oil"". Example: Defnyddia olew olewydd i goginio'n iach.","Ymadrodd enw gwrywaidd sy’n golygu ""olew olewydd"". Enghraifft: Defnyddia olew olewydd i goginio'n iach.","Dw i'n hoffi coginio gydag","bob dydd.","Glossary: hoffi=to like; coginio=to cook; gydag=with; bob dydd=every day","Geirfa: hoffi=to like; coginio=to cook; gydag=with; bob dydd=every day","olew olewydd","olew olewydd","olew olewydd|olew|olew llysiau|olew olewyddau","""Olew olewydd"" is a set phrase meaning ""olive oil"". It fits naturally after ""gydag"" (with).","Mae ""olew olewydd"" yn ymadrodd sefydlog sy’n golygu ""olive oil"". Mae’n ffitio’n naturiol ar ôl ""gydag"" (with).","noun|masculine|food|phrase|uwch2|uned6","enw|gwrywaidd|bwyd|ymadrodd|uwch2|uned6"
v000029,Uwch 2,6,noun-masc,enw-gwrywaidd,plas,mansion,"Masculine noun meaning ""mansion/large house"". Plural: plasau. Example: Mae'r plas ar agor i ymwelwyr.","Enw gwrywaidd sy’n golygu ""plas"" (mansion). Lluosog: plasau. Enghraifft: Mae'r plas ar agor i ymwelwyr.","Aethon nhw i weld ei","ar y bryn.","Glossary: aethon nhw=they went; gweld=to see; ei=his; bryn=hill","Geirfa: aethon nhw=they went; gweld=to see; ei=ei (ef); bryn=hill",blas,blas,"blas|plas|plasau|blasau","""Plas"" is masculine. After ""ei"" (his), soft mutation applies: ""plas"" → ""blas"" (p→b).","Mae ""plas"" yn enw gwrywaidd. Ar ôl ""ei"" (ei ef) ceir treiglad meddal: ""plas"" → ""blas"" (p→b).","noun|masculine|mutation|buildings|heritage|uwch2|uned6","enw|gwrywaidd|treiglad|adeiladau|treftadaeth|uwch2|uned6"
v000030,Uwch 2,6,noun-pl,enw-lluosog,plasau,mansions,"Plural of ""plas"": plasau. Example: Mae plasau hanesyddol ar hyd a lled Cymru.","Lluosog ""plas"": plasau. Enghraifft: Mae plasau hanesyddol ar hyd a lled Cymru.","Maen nhw'n sôn am eu","mewn rhaglen ddogfen.","Glossary: sôn=to mention/talk about; eu=their; rhaglen ddogfen=documentary","Geirfa: sôn=to mention/talk about; eu=their; rhaglen ddogfen=documentary",blasau,blasau,"blasau|plasau|blas|plas","Plural form. After ""eu"" (their), soft mutation applies: ""plasau"" → ""blasau"" (p→b).","Ffurf luosog. Ar ôl ""eu"" (their) ceir treiglad meddal: ""plasau"" → ""blasau"" (p→b).","noun|plural|mutation|buildings|heritage|uwch2|uned6","enw|lluosog|treiglad|adeiladau|treftadaeth|uwch2|uned6"
v000031,Uwch 2,6,noun-masc,enw-gwrywaidd,troseddwr,criminal,"Masculine noun meaning ""criminal/offender"". Plural: troseddwyr. Example: Cafodd y troseddwr ei ddal yn gyflym.","Enw gwrywaidd sy’n golygu ""troseddwr"" (criminal). Lluosog: troseddwyr. Enghraifft: Cafodd y troseddwr ei ddal yn gyflym.","Mae'r papur yn sôn am y","heddiw.","Glossary: papur=newspaper; sôn=talk about/mention; heddiw=today","Geirfa: papur=newspaper; sôn=talk about/mention; heddiw=today",troseddwr,troseddwr,"troseddwr|troseddwyr|troseddu|trosedd","""Troseddwr"" means ""criminal"". Here it follows ""y"" (the) and stays in its normal form.","Mae ""troseddwr"" yn golygu ""criminal"". Yma mae’n dilyn ""y"" (the) ac yn aros yn ei ffurf arferol.","noun|masculine|crime|uwch2|uned6","enw|gwrywaidd|trosedd|uwch2|uned6"
v000032,Uwch 2,6,noun-pl,enw-lluosog,troseddwyr,criminals,"Plural of ""troseddwr"": troseddwyr. Example: Cafodd y troseddwyr eu cosbi.","Lluosog ""troseddwr"": troseddwyr. Enghraifft: Cafodd y troseddwyr eu cosbi.","Mae'r papur yn sôn am y","mewn erthygl hir.","Glossary: erthygl=article; hir=long","Geirfa: erthygl=article; hir=long",troseddwyr,troseddwyr,"troseddwyr|troseddwr|troseddau|troseddu","This is the plural form ""troseddwyr"" (criminals). In this sentence it follows ""y"" and does not need mutation.","Dyma’r ffurf luosog ""troseddwyr"". Yn y frawddeg hon mae’n dilyn ""y"" ac nid oes treiglad angen.","noun|plural|crime|uwch2|uned6","enw|lluosog|trosedd|uwch2|uned6"
v000033,Uwch 2,6,noun-masc,enw-gwrywaidd,tywysydd,guide,"Masculine noun meaning ""guide"". Plural: tywyswyr. Example: Mae'r tywysydd yn adnabod y llwybr.","Enw gwrywaidd sy’n golygu ""tywysydd"". Lluosog: tywyswyr. Enghraifft: Mae'r tywysydd yn adnabod y llwybr.","Roedden ni'n dibynnu ar ei","yn y mynyddoedd.","Glossary: dibynnu=to depend; ar ei=on his; mynyddoedd=mountains","Geirfa: dibynnu=to depend; ar ei=ar ei (ef); mynyddoedd=mountains",dywysydd,dywysydd,"dywysydd|tywysydd|tywyswyr|dywyswyr","""Tywysydd"" is masculine. After ""ei"" (his), soft mutation applies: ""tywysydd"" → ""dywysydd"" (t→d).","Mae ""tywysydd"" yn enw gwrywaidd. Ar ôl ""ei"" (ei ef) ceir treiglad meddal: ""tywysydd"" → ""dywysydd"" (t→d).","noun|masculine|mutation|travel|outdoors|uwch2|uned6","enw|gwrywaidd|treiglad|teithio|awyr_agored|uwch2|uned6"
v000034,Uwch 2,6,noun-pl,enw-lluosog,tywyswyr,guides,"Plural of ""tywysydd"": tywyswyr. Example: Mae'r tywyswyr yn arwain y grŵp.","Lluosog ""tywysydd"": tywyswyr. Enghraifft: Mae'r tywyswyr yn arwain y grŵp.","Roedden ni'n ymddiried yn llwyr yn eu","ar y daith.","Glossary: ymddiried=to trust; yn llwyr=completely; eu=their; taith=trip/journey","Geirfa: ymddiried=to trust; yn llwyr=completely; eu=their; taith=trip/journey",tywyswyr,tywyswyr,tywyswyr|dywyswyr|tywysydd|dywysydd,"This card tests the plural noun ""tywyswyr"" meaning ""guides"". In this sentence we use the unmutated form after ""eu"" so it stays ""tywyswyr"".","Mae’r cerdyn hwn yn profi’r enw lluosog ""tywyswyr"" sy’n golygu ""guides"". Yn y frawddeg hon defnyddir y ffurf heb dreiglad ar ôl ""eu"" felly mae’n aros yn ""tywyswyr"".","noun|plural|travel|outdoors|uwch2|uned6","enw|lluosog|teithio|awyr_agored|uwch2|uned6"
v000035,Uwch 2,6,noun-masc,enw-gwrywaidd,ymchwiliad,investigation,"Masculine noun meaning ""investigation"". Plural: ymchwiliadau. Example: Mae ymchwiliad yn mynd rhagddo.","Enw gwrywaidd sy’n golygu ""ymchwiliad"". Lluosog: ymchwiliadau. Enghraifft: Mae ymchwiliad yn mynd rhagddo.","Mae'r heddlu'n cynnal","i'r digwyddiad.","Glossary: heddlu=police; cynnal=to conduct; digwyddiad=event/incident","Geirfa: heddlu=police; cynnal=to conduct; digwyddiad=event/incident",ymchwiliad,ymchwiliad,"ymchwiliad|ymchwiliadau|chwiliad|ymchwilio","""Ymchwiliad"" means ""investigation"". It follows the verb ""cynnal"" (to conduct), so it stays in its normal form here.","Mae ""ymchwiliad"" yn golygu ""investigation"". Mae’n dilyn y ferf ""cynnal"" (to conduct), felly mae’n aros yn ei ffurf arferol yma.","noun|masculine|law|work|uwch2|uned6","enw|gwrywaidd|cyfraith|gwaith|uwch2|uned6"
v000036,Uwch 2,6,noun-pl,enw-lluosog,ymchwiliadau,investigations,"Plural of ""ymchwiliad"" (investigation): ymchwiliadau. Example: Mae'r ymchwiliadau'n mynd rhagddynt.","Lluosog ""ymchwiliad"": ymchwiliadau. Enghraifft: Mae'r ymchwiliadau'n mynd rhagddynt.","Mae'r","'n mynd rhagddynt ar hyn o bryd.","Glossary: ar hyn o bryd=at the moment; mynd rhagddynt=to be ongoing","Geirfa: ar hyn o bryd=at the moment; mynd rhagddynt=to be ongoing",ymchwiliadau,ymchwiliadau,ymchwiliadau|ymchwiliad|ymchwiliadiau|ymchwiliadauu,"This card tests the plural form ""ymchwiliadau"". The sentence needs a plural noun after ""Mae'r"" (the), so you use ""ymchwiliadau"".","Mae'r cerdyn hwn yn profi'r ffurf luosog ""ymchwiliadau"". Mae'r frawddeg yn galw am enw lluosog ar ôl ""Mae'r"" (the), felly defnyddir ""ymchwiliadau"".","noun|plural|law|work|uwch2|uned6","enw|lluosog|cyfraith|gwaith|uwch2|uned6"
v000037,Uwch 2,6,verb-noun,berfenw,arwyddo,to sign,"Verb-noun meaning ""to sign"" (e.g., a form or contract). Example: Wnest ti arwyddo'r cytundeb eisoes?","Berfenw sy’n golygu ""to sign"" (e.e., ffurflen neu gontract). Enghraifft: Wnest ti arwyddo'r cytundeb eisoes?","Mae angen i chi","y ffurflen cyn dydd Gwener.","Glossary: mae angen=there is a need; i chi=for you/to you; ffurflen=form; cyn=before; dydd Gwener=Friday","Geirfa: mae angen=there is a need; i chi=for you/to you; ffurflen=form; cyn=before; dydd Gwener=Friday",arwyddo,arwyddo,"arwyddo|arwyddo","""Arwyddo"" means ""to sign"". In this sentence it follows ""i"" (to) and starts with a vowel, so it stays unchanged.","Mae ""arwyddo"" yn golygu ""to sign"". Yn y frawddeg hon mae’n dilyn ""i"" (to) ac yn dechrau gyda llafariad, felly mae’n aros yr un fath.","verbnoun|forms|administration|uwch2|uned6","berfenw|ffurflenni|gweinyddiaeth|uwch2|uned6"
v000038,Uwch 2,6,verb-noun,berfenw,brwydro,to battle,"Verb-noun meaning ""to battle/fight"" (literally or figuratively). Example: Buont yn brwydro am eu hawliau.","Berfenw sy’n golygu ""to battle/fight"" (yn llythrennol neu’n ffigurol). Enghraifft: Buont yn brwydro am eu hawliau.","Aethon nhw i","am bob metr.","Glossary: aethon nhw=they went; i=to; am=for; pob=each; metr=meter","Geirfa: aethon nhw=they went; i=to; am=for; pob=each; metr=meter",frwydro,frwydro,"frwydro|brwydro|ffrwydro|brwydr","""Brwydro"" means ""to battle"". After the preposition ""i"" (to), a soft mutation is used: ""brwydro"" becomes ""frwydro"" (b→f).","Mae ""brwydro"" yn golygu ""to battle"". Ar ôl y rhagferf ""i"" (to), defnyddir treiglad meddal: mae ""brwydro"" yn dod yn ""frwydro"" (b→f).","verbnoun|mutation|conflict|uwch2|uned6","berfenw|treiglad|gwrthdaro|uwch2|uned6"
v000039,Uwch 2,6,verb-noun,berfenw,catalogio,to catalogue,"Verb-noun meaning ""to catalogue"" (list/record systematically). Example: Mae'r amgueddfa'n catalogio'r casgliad.","Berfenw sy’n golygu ""to catalogue"" (rhestru/cofnodi’n systematig). Enghraifft: Mae'r amgueddfa'n catalogio'r casgliad.","Mae'r tîm yn mynd i","yr holl ddogfennau cyn y lansiad.","Glossary: tîm=team; yn mynd i=going to; dogfennau=documents; cyn=before; lansiad=launch","Geirfa: tîm=team; yn mynd i=going to; dogfennau=documents; cyn=before; lansiad=launch",gatalogio,gatalogio,"gatalogio|catalogio|gatalogi|catalegio","""Catalogio"" means ""to catalogue"". After ""i"" (to), soft mutation changes ""c"" to ""g"": ""catalogio"" → ""gatalogio"".","Mae ""catalogio"" yn golygu ""to catalogue"". Ar ôl ""i"" (to), mae treiglad meddal yn newid ""c"" i ""g"": ""catalogio"" → ""gatalogio"".","verbnoun|mutation|work|records|uwch2|uned6","berfenw|treiglad|gwaith|cofnodion|uwch2|uned6"
v000040,Uwch 2,6,verb-noun,berfenw,dedfrydu,to sentence,"Verb-noun meaning ""to sentence"" (in court). Example: Bydd y barnwr yn dedfrydu'r diffynnydd yfory.","Berfenw sy’n golygu ""to sentence"" (mewn llys). Enghraifft: Bydd y barnwr yn dedfrydu'r diffynnydd yfory.","Cafodd y barnwr ganiatâd i","y diffynnydd heddiw.","Glossary: barnwr=judge; caniatâd=permission; i=to; diffynnydd=defendant; heddiw=today","Geirfa: barnwr=judge; caniatâd=permission; i=to; diffynnydd=defendant; heddiw=today",ddedfrydu,ddedfrydu,"ddedfrydu|dedfrydu|deddyfrydu|dedfryd","""Dedfrydu"" means ""to sentence"". After ""i"" (to), soft mutation changes ""d"" to ""dd"": ""dedfrydu"" → ""ddedfrydu"".","Mae ""dedfrydu"" yn golygu ""to sentence"". Ar ôl ""i"" (to), mae treiglad meddal yn newid ""d"" i ""dd"": ""dedfrydu"" → ""ddedfrydu"".","verbnoun|mutation|law|court|uwch2|uned6","berfenw|treiglad|cyfraith|llys|uwch2|uned6"
v000041,Uwch 2,6,verb-noun,berfenw,difrodi,to damage,"Verb-noun meaning ""to damage"" (physically or otherwise). Example: Gall storm ddifrodi tai a ffyrdd.","Berfenw sy’n golygu ""to damage"" (yn gorfforol neu fel arall). Enghraifft: Gall storm ddifrodi tai a ffyrdd.","Does neb eisiau i","yr adeilad hanesyddol.","Glossary: does neb=nobody; eisiau=want; i=to; adeilad=building; hanesyddol=historical","Geirfa: does neb=nobody; eisiau=want; i=to; adeilad=building; hanesyddol=historical",ddifrodi,ddifrodi,"ddifrodi|difrodi|difrod|didifrodi","""Difrodi"" means ""to damage"". After ""i"" (to), soft mutation changes ""d"" to ""dd"": ""difrodi"" → ""ddifrodi"".","Mae ""difrodi"" yn golygu ""to damage"". Ar ôl ""i"" (to), mae treiglad meddal yn newid ""d"" i ""dd"": ""difrodi"" → ""ddifrodi"".","verbnoun|mutation|buildings|risk|uwch2|uned6","berfenw|treiglad|adeiladau|perygl|uwch2|uned6"
v000042,Uwch 2,6,verb-noun,berfenw,digido,to digitize,"Verb-noun meaning ""to digitize"" (make digital). Example: Rydyn ni'n digido archif y papurau.","Berfenw sy’n golygu ""to digitize"" (trosi’n ddigidol). Enghraifft: Rydyn ni'n digido archif y papurau.","Rydyn ni'n ceisio i","yr hen luniau cyn diwedd y mis.","Glossary: ceisio=to try; i=to; hen=old; lluniau=photos; cyn diwedd=before the end; mis=month","Geirfa: ceisio=to try; i=to; hen=old; lluniau=photos; cyn diwedd=before the end; mis=month",ddigido,ddigido,"ddigido|digido|digidol|ddigidio","""Digido"" means ""to digitize"". After ""i"" (to), soft mutation changes ""d"" to ""dd"": ""digido"" → ""ddigido"".","Mae ""digido"" yn golygu ""to digitize"". Ar ôl ""i"" (to), mae treiglad meddal yn newid ""d"" i ""dd"": ""digido"" → ""ddigido"".","verbnoun|mutation|technology|archives|uwch2|uned6","berfenw|treiglad|technoleg|archifau|uwch2|uned6"
v000043,Uwch 2,6,verb-noun,berfenw,dogni,to ration,"Verb-noun meaning ""to ration"" (limit and share out). Example: Bu'n rhaid dogni bwyd yn ystod y gaeaf.","Berfenw sy’n golygu ""to ration"" (cyfyngu a rhannu allan). Enghraifft: Bu'n rhaid dogni bwyd yn ystod y gaeaf.","Penderfynodd y cyngor i","ddŵr yn ystod y sychder.","Glossary: penderfynodd=decided; cyngor=council; i=to; dŵr=water; yn ystod=during; sychder=drought","Geirfa: penderfynodd=decided; cyngor=council; i=to; dŵr=water; yn ystod=during; sychder=drought",ddogni,ddogni,"ddogni|dogni|dogn|ddongni","""Dogni"" means ""to ration"". After ""i"" (to), soft mutation changes ""d"" to ""dd"": ""dogni"" → ""ddogni"".","Mae ""dogni"" yn golygu ""to ration"". Ar ôl ""i"" (to), mae treiglad meddal yn newid ""d"" i ""dd"": ""dogni"" → ""ddogni"".","verbnoun|mutation|resources|society|uwch2|uned6","berfenw|treiglad|adnoddau|cymdeithas|uwch2|uned6"
v000044,Uwch 2,6,verb-noun,berfenw,enwebu,to nominate,"Verb-noun meaning ""to nominate"" (put forward a name). Example: Byddan nhw'n enwebu rhywun ar gyfer y wobr.","Berfenw sy’n golygu ""to nominate"" (cynnig enw). Enghraifft: Byddan nhw'n enwebu rhywun ar gyfer y wobr.","Bwriad y pwyllgor yw i","gadeirydd newydd.","Glossary: bwriad=intention; pwyllgor=committee; yw=is; i=to; cadeirydd=chairperson; newydd=new","Geirfa: bwriad=intention; pwyllgor=committee; yw=is; i=to; cadeirydd=chairperson; newydd=new",enwebu,enwebu,"enwebu|henwebu|enw|enwebiad","""Enwebu"" means ""to nominate"". After ""i"" here, it stays the same because it starts with a vowel (no mutation).","Mae ""enwebu"" yn golygu ""to nominate"". Ar ôl ""i"" yma, mae’n aros yr un fath gan ei fod yn dechrau gyda llafariad (dim treiglad).","verbnoun|committee|formal|uwch2|uned6","berfenw|pwyllgor|swyddogol|uwch2|uned6"
v000045,Uwch 2,6,verb-noun,berfenw,gohirio,to postpone,"Verb-noun meaning ""to postpone"" (delay to a later time). Example: Rhaid gohirio'r digwyddiad oherwydd y tywydd.","Berfenw sy’n golygu ""to postpone"" (oedi tan yn hwyrach). Enghraifft: Rhaid gohirio'r digwyddiad oherwydd y tywydd.","Cytunon nhw i","y cyfarfod tan wythnos nesaf.","Glossary: cytunon nhw=they agreed; i=to; cyfarfod=meeting; tan=until; wythnos=week; nesaf=next","Geirfa: cytunon nhw=they agreed; i=to; cyfarfod=meeting; tan=until; wythnos=week; nesaf=next",ohirio,ohirio,"ohirio|gohirio|hohirio|ohiriad","""Gohirio"" means ""to postpone"". After ""i"" (to), soft mutation removes the initial ""g"": ""gohirio"" → ""ohirio"".","Mae ""gohirio"" yn golygu ""to postpone"". Ar ôl ""i"" (to), mae treiglad meddal yn tynnu'r ""g"" ar y dechrau: ""gohirio"" → ""ohirio"".","verbnoun|mutation|planning|time|uwch2|uned6","berfenw|treiglad|cynllunio|amser|uwch2|uned6"
v000046,Uwch 2,6,noun-fem,enw-benywaidd,deiseb,petition,"Feminine noun meaning ""petition"". Plural: deisebau. Example: Llofnododd hi ddeiseb i achub yr ysgol leol.","Enw benywaidd sy’n golygu ""deiseb"". Lluosog: deisebau. Enghraifft: Llofnododd hi ddeiseb i achub yr ysgol leol.","Dw i wedi llofnodi'r","ar-lein.","Glossary: llofnodi=to sign; ar-lein=online","Geirfa: llofnodi=to sign; ar-lein=online",ddeiseb,ddeiseb,"ddeiseb|deiseb|deisebau|ddeisebau","Because it’s a feminine singular noun, it soft-mutates after ""y"" (the): ""deiseb"" → ""ddeiseb"" (d→dd).","Gan ei fod yn enw benywaidd unigol, mae’n treiglo’n feddal ar ôl ""y"" (the): ""deiseb"" → ""ddeiseb"" (d→dd).","noun|feminine|mutation|civic|uwch2|uned6","enw|benywaidd|treiglad|dinesig|uwch2|uned6"
v000047,Uwch 2,6,noun-pl,enw-lluosog,deisebau,petitions,"Plural of ""deiseb"" (petition): deisebau. Example: Mae'r deisebau wedi cael llawer o gefnogaeth.","Lluosog ""deiseb"": deisebau. Enghraifft: Mae'r deisebau wedi cael llawer o gefnogaeth.","Mae'r","wedi cael miloedd o lofnodion.","Glossary: miloedd=thousands; llofnodion=signatures","Geirfa: miloedd=thousands; llofnodion=signatures",deisebau,deisebau,deisebau|ddeisebau|deiseb|ddeiseb,"This card tests the plural form ""deisebau"" (petitions). After ""Mae'r"" (the), you use the plural noun ""deisebau"" here.","Mae’r cerdyn hwn yn profi’r ffurf luosog ""deisebau"". Ar ôl ""Mae'r"", defnyddir yr enw lluosog ""deisebau"" yma.","noun|plural|civic|petition|uwch2|uned6","enw|lluosog|dinesig|deiseb|uwch2|uned6"
v000048,Uwch 2,6,placename,enw-lle,Gwlad Belg,Belgium,"Place name meaning ""Belgium"" (literally ""the country of Belgium""). Example: Mae ganddi deulu yng Ngwlad Belg.","Enw lle sy’n golygu ""Belgium"" (yn llythrennol ""Gwlad Belg""). Enghraifft: Mae ganddi deulu yng Ngwlad Belg.","Es i i","llynedd.","Glossary: es i=I went; i=to; llynedd=last year","Geirfa: es i=I went; i=to; llynedd=last year",Wlad Belg,Wlad Belg,"Wlad Belg|Gwlad Belg|Wlad Bel|Gwlad Bel","After ""i"" (to), soft mutation applies and initial ""g"" disappears: ""Gwlad Belg"" → ""Wlad Belg"".","Ar ôl ""i"" (to), ceir treiglad meddal ac mae’r ""g"" ar y dechrau’n diflannu: ""Gwlad Belg"" → ""Wlad Belg"".","placename|mutation|travel|europe|uwch2|uned6","enw_lle|treiglad|teithio|ewrop|uwch2|uned6"
v000049,Uwch 2,6,adjective,ansoddair,barddol,bardic,"Adjective meaning ""bardic"" (poetic, in the style of a bard). Example: Mae ganddi arddull farddol iawn.","Ansoddair sy’n golygu ""barddol"" (yn farddol/yn arddull bardd). Enghraifft: Mae ganddi arddull farddol iawn.","Mae'r arddull yn",,"Glossary: arddull=style","Geirfa: arddull=style",farddol,farddol,"farddol|barddol|fardol|farddoll","After ""yn"" when describing something, Welsh normally uses a soft mutation. So ""barddol"" becomes ""farddol"" (b→f).","Ar ôl ""yn"" wrth ddisgrifio rhywbeth, defnyddir treiglad meddal fel arfer. Felly mae ""barddol"" yn dod yn ""farddol"" (b→f).","adjective|mutation|literature|style|uwch2|uned6","ansoddair|treiglad|llenyddiaeth|arddull|uwch2|uned6"
v000050,Uwch 2,6,adjective,ansoddair,cyflawn,"complete, entire","Adjective meaning ""complete/entire"". Example: Rhaid inni gael darlun gyflawn o'r sefyllfa.","Ansoddair sy’n golygu ""cyflawn/cyfan"". Enghraifft: Rhaid inni gael darlun gyflawn o'r sefyllfa.","Rhaid inni gael darlun","o'r sefyllfa.","Glossary: rhaid=must; inni=for us; darlun=picture; sefyllfa=situation","Geirfa: rhaid=must; inni=for us; darlun=picture; sefyllfa=situation",gyflawn,gyflawn,"gyflawn|cyflawn|gyflan|gyflawni","Here the adjective follows the feminine singular noun ""darlun"", so it takes a soft mutation: ""cyflawn"" → ""gyflawn"" (c→g).","Yma mae’r ansoddair yn dilyn yr enw benywaidd unigol ""darlun"", felly ceir treiglad meddal: ""cyflawn"" → ""gyflawn"" (c→g).","adjective|mutation|grammar|writing|uwch2|uned6","ansoddair|treiglad|gramadeg|ysgrifennu|uwch2|uned6"
v000051,Uwch 2,6,adjective,ansoddair,digonol,sufficient,"Adjective meaning ""sufficient/adequate"". Example: Dydy'r dystiolaeth ddim yn ddigonol.","Ansoddair sy’n golygu ""digonol"" (sufficient/adequate). Enghraifft: Dydy'r dystiolaeth ddim yn ddigonol.","Dydy'r dystiolaeth ddim yn","i brofi hynny.","Glossary: tystiolaeth=evidence; i brofi=to prove; hynny=that","Geirfa: tystiolaeth=evidence; i brofi=to prove; hynny=that",ddigonol,ddigonol,"ddigonol|digonol|ddigon|ddigonedd","After ""yn"" (including ""ddim yn ...""), Welsh normally uses a soft mutation. So ""digonol"" becomes ""ddigonol"" (d→dd).","Ar ôl ""yn"" (gan gynnwys ""ddim yn ...""), defnyddir treiglad meddal fel arfer. Felly mae ""digonol"" yn dod yn ""ddigonol"" (d→dd).","adjective|mutation|opinion|evaluation|uwch2|uned6","ansoddair|treiglad|barn|gwerthuso|uwch2|uned6"
v000052,Uwch 2,6,adjective,ansoddair,dyngarol,"humanitarian, philanthropic","Adjective meaning ""humanitarian/philanthropic"". Example: Mae hi'n gwneud gwaith dyngarol ledled y byd.","Ansoddair sy’n golygu ""dyngarol"" (humanitarian/philanthropic). Enghraifft: Mae hi'n gwneud gwaith dyngarol ledled y byd.","Mae'r elusen yn",,"Glossary: elusen=charity","Geirfa: elusen=charity",ddynarol,ddynarol,"ddynarol|dyngarol|dynarol|ddygarol","After ""yn"" when describing something, Welsh normally uses a soft mutation. So ""dyngarol"" becomes ""ddynarol"" (d→dd).","Ar ôl ""yn"" wrth ddisgrifio rhywbeth, defnyddir treiglad meddal fel arfer. Felly mae ""dyngarol"" yn dod yn ""ddynarol"" (d→dd).","adjective|mutation|charity|society|uwch2|uned6","ansoddair|treiglad|elusen|cymdeithas|uwch2|uned6"
v000053,Uwch 2,6,adjective,ansoddair,erchyll,horrific,"Adjective meaning ""horrific/awful"". Example: Roedd hi'n teimlo'n erchyll ar ôl y newyddion.","Ansoddair sy’n golygu ""erchyll"" (horrific/awful). Enghraifft: Roedd hi'n teimlo'n erchyll ar ôl y newyddion.","Roedd y ddamwain yn",,"Glossary: damwain=accident","Geirfa: damwain=accident",erchyll,erchyll,"erchyll|yrchyll|erchill|erchyllu","""Erchyll"" starts with a vowel sound, so it doesn’t change here. You just use ""erchyll"" after ""yn"".","Mae ""erchyll"" yn dechrau gyda llafariad, felly dydy e ddim yn newid yma. Defnyddir ""erchyll"" ar ôl ""yn"".","adjective|no-mutation|feelings|events|uwch2|uned6","ansoddair|dim_treiglad|teimladau|digwyddiadau|uwch2|uned6"
v000054,Uwch 2,6,adjective,ansoddair,perthnasol,relevant,"Adjective meaning ""relevant"". Example: Mae'r wybodaeth yn berthnasol i'r drafodaeth.","Ansoddair sy’n golygu ""perthnasol"" (relevant). Enghraifft: Mae'r wybodaeth yn berthnasol i'r drafodaeth.","Ydy'r pwynt hwn yn",,"Glossary: pwynt=point; ydy=Is it...?","Geirfa: pwynt=point; ydy=Is it...?",berthnasol,berthnasol,"berthnasol|perthnasol|pherthnasol|perthnasedd","After ""yn"" when describing something, Welsh normally uses a soft mutation. So ""perthnasol"" becomes ""berthnasol"" (p→b).","Ar ôl ""yn"" wrth ddisgrifio rhywbeth, defnyddir treiglad meddal fel arfer. Felly mae ""perthnasol"" yn dod yn ""berthnasol"" (p→b).","adjective|mutation|discussion|work|uwch2|uned6","ansoddair|treiglad|trafodaeth|gwaith|uwch2|uned6"
v000055,Uwch 2,6,adverb,adferf,ar gyfartaledd,on average,"Adverbial phrase meaning ""on average"". It’s a fixed phrase used to describe a typical amount or frequency. Example: Dw i'n gweithio tua chwe awr yr wythnos ar gyfartaledd.","Ymadrodd adferfol sy’n golygu ""on average"". Ymadrodd sefydlog yw e i ddisgrifio faint neu amlder nodweddiadol. Enghraifft: Dw i'n gweithio tua chwe awr yr wythnos ar gyfartaledd.","Dw i'n treulio tua dwy awr y dydd","ar y ffôn.","Glossary: treulio=to spend (time); tua=about; dwy=two; awr=hour; y dydd=per day; ffôn=phone","Geirfa: treulio=to spend (time); tua=about; dwy=two; awr=hour; y dydd=per day; ffôn=phone",ar gyfartaledd,ar gyfartaledd,"ar gyfartaledd|ar gyfartaledd","ar gyfartaledd|yn gyfartaledd|ar y cyfartaledd|ar gyfartaled","""Ar gyfartaledd"" is a fixed adverbial phrase meaning ""on average"". It’s often placed after a quantity (e.g. ""tua dwy awr y dydd"") to show it’s the typical figure.","Ymadrodd sefydlog yw ""ar gyfartaledd"" sy’n golygu ""on average"". Yn aml mae’n dod ar ôl swm (e.e. ""tua dwy awr y dydd"") i ddangos mai dyna’r ffigur nodweddiadol.","adverb|quantity|time|frequency|uwch2|uned6","adferf|swm|amser|amlder|uwch2|uned6"
v000056,Uwch 2,6,constructions+phrases,cystrawennau+ymadroddion,Y Ffiwsilwyr Brenhinol Cymreig,The Royal Welsh Fusiliers,"Proper name of a Welsh regiment: ""Y Ffiwsilwyr Brenhinol Cymreig"". Used in historical or military contexts. Example: Roedd e'n falch o'i wasanaeth yn y Ffiwsilwyr Brenhinol Cymreig.","Enw priod catrawd Cymreig: ""Y Ffiwsilwyr Brenhinol Cymreig"". Fe’i defnyddir mewn cyd-destunau hanesyddol neu filwrol. Enghraifft: Roedd e'n falch o'i wasanaeth yn y Ffiwsilwyr Brenhinol Cymreig.","Roedd y seremoni'n anrhydeddu","yn y parc.","Glossary: seremoni=ceremony; anrhydeddu=to honour; parc=park","Geirfa: seremoni=ceremony; anrhydeddu=to honour; parc=park","Y Ffiwsilwyr Brenhinol Cymreig","Y Ffiwsilwyr Brenhinol Cymreig|y Ffiwsilwyr Brenhinol Cymreig","Y Ffiwsilwyr Brenhinol Cymreig|Y Ffiwsilwyr Brenhinol Cymraeg|Y Ffiwsilwyr Cymreig Brenhinol|Y Ffiwsilwyr Brenhinol Cymru","This is a fixed proper name. In this sentence it’s the object of the verb ""anrhydeddu"" (to honour), so you insert the full official Welsh name unchanged.","Enw priod sefydlog yw hwn. Yn y frawddeg hon mae’n wrthrych i’r ferf ""anrhydeddu"", felly rwyt ti’n rhoi’r enw Cymraeg llawn heb ei newid.","proper_name|military|history|wales|uwch2|uned6","enw_priod|milwrol|hanes|cymru|uwch2|uned6"
CardID,Course,Unit,WordCategoryEn,WordCategoryCy,BaseCy,BaseEn,NotesEn,NotesCy,BeforeCy,AfterCy,SentenceHelpEn,SentenceHelpCy,AnswerCy,AcceptedAnswerArray,OptionsArray,WhyEn,WhyCy,TagsEn,TagsCy
v000057,Uwch 1,14,noun-fem,enw benywaidd,cred,belief(s),"Feminine noun meaning ""belief"" (plural: credoau). Common pattern: ""cred mewn..."" Example: ""Mae gen i gred gryf mewn addysg.""","Enw benywaidd sy’n golygu ""cred"" (lluosog: credoau). Patrwm cyffredin: ""cred mewn..."" Enghraifft: ""Mae gen i gred gryf mewn addysg.""","Dw i ddim yn siŵr os oes gen i'r ","mewn gwyrthiau.",Glossary: ddim yn siŵr=not sure; gwyrthiau=miracles,Geirfa: ddim yn siŵr=ddim yn sicr; gwyrthiau=gwyrthiau,gred,gred,gred|y cred|credoau|credau,"gred|y cred|credoau|credau","After ""i'r"" (= i + y), feminine singular nouns soft-mutate. Cred → gred (c→g).","Ar ôl ""i'r"" (= i + y), mae enwau benywaidd unigol yn treiglo’n feddal. Cred → gred (c→g).",beliefs|noun|feminine|mutation|uwch1,credoau|enw|benywaidd|treiglad|uwch1
v000058,Uwch 1,14,noun-fem,enw benywaidd,doler,dollar(s),"Feminine noun meaning ""dollar"" (plural: doleri). Example: ""Roedd y tocyn yn costio deg doler.""","Enw benywaidd sy’n golygu ""doler"" (lluosog: doleri). Enghraifft: ""Roedd y tocyn yn costio deg doler.""","Mae’r coffi yma’n costio’r ","bob tro!",Glossary: costio=to cost; coffi=coffee; bob tro=every time,Geirfa: costio=costio; coffi=coffi; bob tro=bob tro,ddoler,ddoler,ddoler|doler|doleri|dolerau,"ddoler|doler|doleri|dolerau","After ""’r"" (the) with a feminine singular noun, soft mutation: doler → ddoler (d→dd).","Ar ôl ""’r"" (y) gyda enw benywaidd unigol, treiglad meddal: doler → ddoler (d→dd).",money|noun|feminine|mutation|shopping|uwch1,arian|enw|benywaidd|treiglad|siopa|uwch1
v000059,Uwch 1,14,noun-fem,enw benywaidd,elfen,element(s),"Feminine noun meaning ""element"" (plural: elfennau). Also ""elfen o..."" (an element of...). Example: ""Mae elfen o wirionedd yn y stori.""","Enw benywaidd sy’n golygu ""elfen"" (lluosog: elfennau). Hefyd ""elfen o..."" Enghraifft: ""Mae elfen o wirionedd yn y stori.""","Roedd ","o wirionedd yn yr hyn ddywedodd hi.",Glossary: gwirionedd=truth; yr hyn ddywedodd hi=what she said,Geirfa: gwirionedd=gwirionedd; yr hyn ddywedodd hi=yr hyn ddywedodd hi,elfen,elfen,elfen|yr elfen|elfennau|elfenau,"elfen|yr elfen|elfennau|elfenau","Words starting with a vowel don’t change with mutation. Even if an article could trigger mutation, elfen stays elfen.","Nid yw geiriau sy’n dechrau gyda llafariad yn newid gyda threiglad. Felly mae elfen yn aros yn elfen.",study|noun|feminine|expression|uwch1,astudio|enw|benywaidd|mynegiant|uwch1
v000060,Uwch 1,14,noun-fem,enw benywaidd,haen,layer(s),"Feminine noun meaning ""layer"" (plural: haenau). Example: ""Roedd haen denau o eira ar y mynydd.""","Enw benywaidd sy’n golygu ""haen"" (lluosog: haenau). Enghraifft: ""Roedd haen denau o eira ar y mynydd.""","Roedd ’na ","o baent ar y wal.",Glossary: paent=paint; wal=wall,Geirfa: paent=paent; wal=wal,haen,haen,haen|yr haen|haenau|haenau,"haen|yr haen|haenau|haenau","No mutation is needed here. Also, h- does not soft-mutate, so haen stays haen in common contexts.","Does dim treiglad angen yma. Hefyd, nid yw h- yn treiglo’n feddal, felly mae haen yn aros yn haen.",home|noun|feminine|materials|uwch1,cartref|enw|benywaidd|deunyddiau|uwch1
v000061,Uwch 1,14,noun-fem,enw benywaidd,hogan,girl(s),"Feminine noun meaning ""girl"" (plural: genod). Often more common in the North. Example: ""Mae’r hogan yna’n chwerthin yn barhaus.""","Enw benywaidd sy’n golygu ""hogan/merch"" (lluosog: genod). Yn aml yn fwy cyffredin yn y Gogledd. Enghraifft: ""Mae’r hogan yna’n chwerthin yn barhaus.""","Dyma’r ","o’r ardal yn gweithio yn y siop.",Glossary: ardal=area; gweithio=working; siop=shop,Geirfa: ardal=ardal; gweithio=gweithio; siop=siop,hogan,hogan,hogan|hogen|genod|merch,"hogan|hogen|genod|merch","After ""’r"" (the) with feminine nouns you often see soft mutation, but h- does not mutate. So hogan stays hogan.","Ar ôl ""’r"" (y) gyda enwau benywaidd gwelir treiglad meddal yn aml, ond nid yw h- yn treiglo. Felly mae hogan yn aros yn hogan.",people|noun|feminine|northwales|uwch1,pobl|enw|benywaidd|gogledd|uwch1
v000062,Uwch 1,14,noun-fem,enw benywaidd,sêl frenhines,royal seal,"Noun phrase meaning ""royal seal"" (the queen’s seal). Used in official/historical contexts. Example: ""Cafodd y ddogfen sêl frenhines.""","Ymadrodd enw sy’n golygu ""sêl frenhines"" (sêl y frenhines). Defnyddir mewn cyd-destun swyddogol/hanesyddol. Enghraifft: ""Cafodd y ddogfen sêl frenhines.""","Roedd y ddogfen yn dal â ","arni.",Glossary: dogfen=document; dal=still; arni=on it (fem),Geirfa: dogfen=dogfen; dal=dal; arni=arni,sêl frenhines,sêl frenhines,sêl frenhines|sêl y frenhines,"sêl frenhines|sêl y frenhines","This is a fixed noun phrase. The whole phrase fills the gap. ""Arni"" refers back to ""y ddogfen"" (feminine).","Ymadrodd enw sefydlog yw hwn. Mae’r ymadrodd cyfan yn llenwi’r bwlch. Mae ""arni"" yn cyfeirio’n ôl at ""y ddogfen"" (benywaidd).",history|phrase|official|uwch1,hanes|ymadrodd|swyddogol|uwch1
v000063,Uwch 1,14,noun-fem,enw benywaidd,stryd fawr,high street,"Noun phrase meaning ""high street"". Often as a name with capitals: ""y Stryd Fawr"". Example: ""Mae’r banc ar y Stryd Fawr.""","Ymadrodd enw sy’n golygu ""stryd fawr"". Yn aml fel enw: ""y Stryd Fawr"". Enghraifft: ""Mae’r banc ar y Stryd Fawr.""","Mae’r siop lyfrau ar ","yn agos at y banc.",Glossary: siop lyfrau=bookshop; yn agos at=near; banc=bank,Geirfa: siop lyfrau=siop lyfrau; yn agos at=yn agos at; banc=banc,y Stryd Fawr,y Stryd Fawr,y Stryd Fawr|Stryd Fawr|y stryd fawr,"y Stryd Fawr|Stryd Fawr|y stryd fawr","Street/place names often take the article. Here the natural form is ""y Stryd Fawr"".","Mae enwau strydoedd/lleoedd yn aml yn cymryd yr erthygl. Y ffurf naturiol yma yw ""y Stryd Fawr"".",town|phrase|shopping|places|uwch1,tref|ymadrodd|siopa|lleoedd|uwch1
v000064,Uwch 1,14,noun-masc,enw gwrywaidd,blewyn,a hair / a whisker,"Masculine noun meaning a single hair/whisker (plural: blew). Example: ""Roedd blewyn ar ei got.""","Enw gwrywaidd: un blewyn (lluosog: blew). Enghraifft: ""Roedd blewyn ar ei got.""","Do’n i ddim eisiau gweld ","ar y siwt ddu.",Glossary: gweld=see; siwt=suit; ddu=black,Geirfa: gweld=gwel; siwt=siwt; ddu=ddu,blewyn,blewyn,blewyn|blew,blewyn|blwyddyn|blaen|blodyn,"blewyn|blew","Masculine noun after a verb like ""gweld"" stays in the radical form: blewyn.","Enw gwrywaidd ar ôl berf fel ""gweld"" sy’n aros yn y ffurf radical: blewyn.",clothes|noun|masculine|appearance|uwch1,dillad|enw|gwrywaidd|golwg|uwch1
v000065,Uwch 1,14,noun-masc,enw gwrywaidd,catrawd,regiment(s),"Masculine noun meaning ""regiment"" (plural: catrodau). Example: ""Cyrhaeddodd y catrawd yn gynnar.""","Enw gwrywaidd sy’n golygu ""catrawd"" (lluosog: catrodau). Enghraifft: ""Cyrhaeddodd y catrawd yn gynnar.""","Roedd y ","yn marchio drwy’r dref.",Glossary: marchio=march; drwy=through; tref=town,Geirfa: marchio=marchio; drwy=drwy; tref=tref,catrawd,catrawd,catrawd|y catrawd|catrodau|catrawdd,"catrawd|y catrawd|catrodau","After ""y"" with a masculine noun there is normally no mutation, so it stays catrawd.","Ar ôl ""y"" gyda enw gwrywaidd fel arfer does dim treiglad, felly mae’n aros yn catrawd.",history|noun|masculine|military|uwch1,hanes|enw|gwrywaidd|milwrol|uwch1
v000066,Uwch 1,14,noun-masc,enw gwrywaidd,cyndaid,forefather,"Masculine noun meaning ""forefather/ancestor"" (plural: cyndeidiau). Example: ""Roedd fy nghyndaid yn ffermio yma.""","Enw gwrywaidd sy’n golygu ""cyndaid/hynafiad"" (lluosog: cyndeidiau). Enghraifft: ""Roedd fy nghyndaid yn ffermio yma.""","Dw i’n cofio straeon am ",".",Glossary: cofio=remember; straeon=stories; am=about,Geirfa: cofio=cofio; straeon=straeon; am=am,fy nghyndaid,fy nghyndaid,fy nghyndaid,fy nghyndaid|fy cyndaid|fy nghyndaid i|fy nhyndaid,"fy nghyndaid|fy cyndaid","After ""fy"" (my), Welsh uses nasal mutation. Cyndaid begins with c, so it becomes nghyndaid.","Ar ôl ""fy"" defnyddir treiglad trwynol. Mae cyndaid yn dechrau gyda c, felly mae’n dod yn nghyndaid.",family|noun|masculine|mutation|uwch1,teulu|enw|gwrywaidd|treiglad|uwch1
v000067,Uwch 1,14,noun-masc,enw gwrywaidd,cynnyrch,produce / products,"Masculine noun meaning ""produce/products"" (often local goods). Example: ""Mae’r farchnad yn gwerthu cynnyrch lleol.""","Enw gwrywaidd sy’n golygu ""cynnyrch/nwyddau"" (yn aml nwyddau lleol). Enghraifft: ""Mae’r farchnad yn gwerthu cynnyrch lleol.""","Mae’r farchnad yn gwerthu ","bob bore Sadwrn.",Glossary: farchnad=market; gwerthu=sell; bore=morning,Geirfa: farchnad=marchnad; gwerthu=gwerthu; bore=bore,cynnyrch,cynnyrch,cynnyrch,cnynnyrch|cynhyrch|cynnyrchau|cynnyrch lleol,"cynnyrch","No mutation is triggered here; cynnyrch is the direct object of ""gwerthu"" (to sell).","Does dim treiglad yn cael ei sbarduno yma; cynnyrch yw gwrthrych ""gwerthu"".",food|noun|masculine|shopping|uwch1,bwyd|enw|gwrywaidd|siopa|uwch1
v000068,Uwch 1,14,noun-masc,enw gwrywaidd,dilynwr,follower(s),"Masculine noun meaning ""follower"" (plural: dilynwyr). Example: ""Mae ganddi filoedd o ddilynwyr.""","Enw gwrywaidd: ""dilynwr"" (lluosog: dilynwyr). Enghraifft: ""Mae ganddi filoedd o ddilynwyr.""","Mae ganddo lawer o ","ar y cyfryngau cymdeithasol.",Glossary: llawer o=many; cyfryngau cymdeithasol=social media,Geirfa: llawer o=llawer o; cyfryngau cymdeithasol=cyfryngau cymdeithasol,ddilynwyr,ddilynwyr,ddilynwyr|dilynwyr|dilynwr,"ddilynwyr|dilynwyr|dilynwr","After ""o"" (of), Welsh uses soft mutation. Dilynwyr → ddilynwyr (d→dd).","Ar ôl ""o"" defnyddir treiglad meddal. Dilynwyr → ddilynwyr (d→dd).",media|noun|plural|mutation|uwch1,cyfryngau|enw|lluosog|treiglad|uwch1
v000069,Uwch 1,14,noun-masc,enw gwrywaidd,dillad isaf,underwear,"Set phrase meaning ""underwear"". Because ""dillad"" is plural, it often behaves like a plural noun. Example: ""Dw i’n rhoi’r dillad isaf yn y drôr.""","Ymadrodd sefydlog sy’n golygu ""dillad isaf"". Gan fod ""dillad"" yn lluosog, mae’n aml yn ymddwyn fel enw lluosog. Enghraifft: ""Dw i’n rhoi’r dillad isaf yn y drôr.""","Wnes i anghofio pacio ","ar gyfer y daith.",Glossary: anghofio=forget; pacio=pack; taith=trip,Geirfa: anghofio=anghofio; pacio=pacio; taith=taith,dillad isaf,dillad isaf,dillad isaf,"dillad isaf","This is a fixed phrase; the whole phrase fills the gap.","Ymadrodd sefydlog yw hwn; mae’r ymadrodd cyfan yn llenwi’r bwlch.",clothes|phrase|travel|uwch1,dillad|ymadrodd|teithio|uwch1
v000070,Uwch 1,14,noun-masc,enw gwrywaidd,gwallt gosod,wig,"Noun phrase meaning ""wig"" (literally ""set hair""). Example: ""Roedd yr actor yn gwisgo gwallt gosod.""","Ymadrodd enw sy’n golygu ""wig"" (yn llythrennol: ""gwallt gosod""). Enghraifft: ""Roedd yr actor yn gwisgo gwallt gosod.""","Roedd yr actor yn gwisgo ","ar y llwyfan.",Glossary: actor=actor; gwisgo=wear; llwyfan=stage,Geirfa: actor=actor; gwisgo=gwisgo; llwyfan=llwyfan,gwallt gosod,gwallt gosod,gwallt gosod,"gwallt gosod","This is a set noun phrase meaning ""wig"". It stays the same in the sentence.","Ymadrodd enw sefydlog sy’n golygu ""wig"" yw hwn. Mae’n aros yr un fath yn y frawddeg.",theatre|phrase|appearance|uwch1,theatr|ymadrodd|golwg|uwch1
v000071,Uwch 1,14,noun-masc,enw gwrywaidd,plwm,lead,"Masculine noun meaning ""lead"" (the metal). Example: ""Mae plwm yn fetel trwm.""","Enw gwrywaidd sy’n golygu ""plwm"" (y metel). Enghraifft: ""Mae plwm yn fetel trwm.""","Mae angen osgoi ","mewn dŵr yfed.",Glossary: osgoi=avoid; dŵr yfed=drinking water,Geirfa: osgoi=osgoi; dŵr yfed=dŵr yfed,plwm,plwm,plwm,blwm|prwm|plwmau|plwmp,"plwm","No mutation is triggered; plwm is used in the radical form after a verb-noun like ""osgoi"".","Does dim treiglad; defnyddir plwm yn y ffurf radical ar ôl berfenw fel ""osgoi"".",health|noun|masculine|materials|uwch1,iechyd|enw|gwrywaidd|deunyddiau|uwch1
v000072,Uwch 1,14,noun-masc,enw gwrywaidd,tecstil,textile,"Masculine noun meaning ""textile"" (plural: tecstilau). Example: ""Mae’r diwydiant tecstilau’n bwysig.""","Enw gwrywaidd sy’n golygu ""tecstil"" (lluosog: tecstilau). Enghraifft: ""Mae’r diwydiant tecstilau’n bwysig.""","Dw i’n astudio ","yn y coleg.",Glossary: astudio=study; coleg=college,Geirfa: astudio=astudio; coleg=coleg,tecstil,tecstil,tecstil|tecstilau,"tecstil|tecstilau","No mutation is needed; tecstil is used as a noun object in a neutral sentence.","Does dim treiglad; defnyddir tecstil fel enw mewn brawddeg niwtral.",work|noun|masculine|education|uwch1,gwaith|enw|gwrywaidd|addysg|uwch1
v000073,Uwch 1,14,noun-masc,enw gwrywaidd,tywysog,prince,"Masculine noun meaning ""prince"" (plural: tywysogion). Example: ""Daeth y tywysog i agor yr adeilad newydd.""","Enw gwrywaidd sy’n golygu ""tywysog"" (lluosog: tywysogion). Enghraifft: ""Daeth y tywysog i agor yr adeilad newydd.""","Daeth y ","i agor yr adeilad newydd.",Glossary: agor=open; adeilad=building; newydd=new,Geirfa: agor=agor; adeilad=adeilad; newydd=newydd,tywysog,tywysog,tywysog|y tywysog|tywysogion,"tywysog|y tywysog|tywysogion","Masculine noun after ""y"" does not mutate: y tywysog.","Nid yw enw gwrywaidd ar ôl ""y"" yn treiglo: y tywysog.",people|noun|masculine|royalty|uwch1,pobl|enw|gwrywaidd|brenhiniaeth|uwch1
v000074,Uwch 1,14,verb-noun,berfenw,arbrofi,to experiment,"Verb-noun meaning ""to experiment"". Often: ""arbrofi gyda..."" Example: ""Dw i’n hoffi arbrofi gyda ryseitiau newydd.""","Berfenw sy’n golygu ""arbrofi"". Yn aml: ""arbrofi gyda..."" Enghraifft: ""Dw i’n hoffi arbrofi gyda ryseitiau newydd.""","Roedden nhw’n ","gyda lliwiau newydd.",Glossary: lliwiau=colours; gyda=with; newydd=new,Geirfa: lliwiau=lliwiau; gyda=gyda; newydd=newydd,arbrofi,arbrofi,arbrofi,arbrofio|arbrofodd|arbrawf|arbrofi’n,"arbrofi","After bod, ""yn"" introduces a verb-noun and does not cause mutation: arbrofi.","Ar ôl bod, mae ""yn"" yn cyflwyno berfenw ac nid yw’n achosi treiglad: arbrofi.",learning|verbnoun|creativity|uwch1,dysgu|berfenw|creadigrwydd|uwch1
v000075,Uwch 1,14,verb-noun,berfenw,britho,to go grey / to dapple,"Verb-noun meaning ""to go grey"" or ""to dapple/fleck"". Example: ""Mae ei wallt yn britho erbyn hyn.""","Berfenw sy’n golygu ""britho"" (mynd yn llwyd / smotio). Enghraifft: ""Mae ei wallt yn britho erbyn hyn.""","Mae’r ceffyl yn ","dros y cefn.",Glossary: ceffyl=horse; cefn=back,Geirfa: ceffyl=ceffyl; cefn=cefn,britho,britho,britho,pritho|brith|brithio|britho’n,"britho","After bod, ""yn"" introduces the verb-noun with no mutation: britho.","Ar ôl bod, mae ""yn"" yn cyflwyno’r ferfenw heb dreiglad: britho.",animals|verbnoun|appearance|uwch1,anifeiliaid|berfenw|golwg|uwch1
v000076,Uwch 1,14,verb-noun,berfenw,coelio,to believe,"Verb-noun meaning ""to believe"" (often North Wales; ""credu"" is also common). Example: ""Dw i ddim yn coelio hynny.""","Berfenw sy’n golygu ""coelio"" (yn aml yn y Gogledd; mae ""credu"" hefyd yn gyffredin). Enghraifft: ""Dw i ddim yn coelio hynny.""","Dw i ddim yn ","fod hynny’n wir.",Glossary: bod=that; gwir=true,Geirfa: bod=bod; gwir=gwir,coelio,coelio,coelio,credu|coelïo|gobeithio|coel,"coelio","After ""yn"" before a verb-noun, there’s no mutation. So coelio stays coelio.","Ar ôl ""yn"" cyn berfenw, does dim treiglad. Felly mae coelio yn aros yn coelio.",opinions|verbnoun|northwales|uwch1,barn|berfenw|gogledd|uwch1
v000077,Uwch 1,14,verb-noun,berfenw,masnachu,to trade,"Verb-noun meaning ""to trade"" / ""do business"". Example: ""Mae’r cwmni’n masnachu gyda gwledydd tramor.""","Berfenw sy’n golygu ""masnachu"" / ""gwneud busnes"". Enghraifft: ""Mae’r cwmni’n masnachu gyda gwledydd tramor.""","Mae’r cwmni’n ","gyda gwledydd tramor.",Glossary: cwmni=company; gwledydd=countries; tramor=foreign/abroad,Geirfa: cwmni=cwmni; gwledydd=gwledydd; tramor=tramor,masnachu,masnachu,masnachu,masnach|marchnata|masnachwr|masnachu’n,"masnachu","After bod, ""yn"" introduces the verb-noun without mutation: masnachu.","Ar ôl bod, mae ""yn"" yn cyflwyno’r ferfenw heb dreiglad: masnachu.",business|verbnoun|trade|uwch1,busnes|berfenw|masnach|uwch1
v000078,Uwch 1,14,verb-noun,berfenw,tarfu,to interrupt / disturb,"Verb-noun meaning ""to interrupt"" or ""disturb"". Pattern: ""tarfu ar rywun"". Example: ""Paid â tharfu arni hi.""","Berfenw sy’n golygu ""tarfu"" neu ""aflonyddu"". Patrwm: ""tarfu ar rywun"". Enghraifft: ""Paid â tharfu arni hi.""","Dw i’n ceisio gweithio—paid â ","fi.",Glossary: ceisio=try; paid â=don’t; gweithio=work,Geirfa: ceisio=ceisio; paid â=paid â; gweithio=gweithio,tharfu,tharfu,tharfu,tarfu|darfu|tarfu ar|tarfu’n,"tharfu|tarfu","After the negative command ""Paid â"", soft mutation is used: tarfu → tharfu (t→th).","Ar ôl y gorchymyn negyddol ""Paid â"", defnyddir treiglad meddal: tarfu → tharfu (t→th).",conversation|verbnoun|mutation|polite|uwch1,sgwrs|berfenw|treiglad|cwrtais|uwch1
v000079,Uwch 1,14,constructions+phrases,cystrawennau a ymadroddion,torri ar draws,to interrupt,"Fixed phrase meaning ""to interrupt"" (someone speaking). Example: ""Mae’n anghwrtais torri ar draws.""","Ymadrodd sefydlog sy’n golygu ""torri ar draws"" (rhywun yn siarad). Enghraifft: ""Mae’n anghwrtais torri ar draws.""","Mae’n anghwrtais ","pan fydd rhywun yn siarad.",Glossary: anghwrtais=rude; pan fydd=when; siarad=speak,Geirfa: anghwrtais=anghwrtais; pan fydd=pan fydd; siarad=siarad,torri ar draws,torri ar draws,torri ar draws,torri i mewn|tarfu|torri drosodd|torri draw,"torri ar draws","This is a fixed phrase; the whole phrase fills the gap and means ""interrupt"".","Ymadrodd sefydlog yw hwn; mae’r ymadrodd cyfan yn llenwi’r bwlch ac yn golygu ""interuptio"" (torri ar draws).",conversation|phrase|politeness|uwch1,sgwrs|ymadrodd|moesau|uwch1
v000080,Uwch 1,14,verb-noun,berfenw,ysgafnhau,to lighten,"Verb-noun meaning ""to lighten"" (become lighter / make lighter). Example: ""Bydd y gwaith yn ysgafnhau dros amser.""","Berfenw sy’n golygu ""ysgafnhau"" (mynd yn ysgafn / gwneud yn ysgafn). Enghraifft: ""Bydd y gwaith yn ysgafnhau dros amser.""","Dros yr wythnos, bydd y baich yn ",".",Glossary: wythnos=week; baich=burden,Geirfa: wythnos=wythnos; baich=baich,ysgafnhau,ysgafnhau,ysgafnhau,ysgafn|ysgwafnhau|ysgafnhau’n|ysgafnhau’r,"ysgafnhau","After ""yn"" + verb-noun there is no mutation. The future form is ""bydd ... yn ysgafnhau"".","Ar ôl ""yn"" + berfenw does dim treiglad. Y ffurf yw ""bydd ... yn ysgafnhau"".",feelings|verbnoun|change|uwch1,teimladau|berfenw|newid|uwch1
v000081,Uwch 1,14,adjective,ansoddair,anferthol,huge / momentous,"Adjective meaning ""huge/enormous"" or ""momentous"". Example: ""Roedd y dasg yn anferthol.""","Ansoddair sy’n golygu ""enfawr"" neu ""o bwys mawr"". Enghraifft: ""Roedd y dasg yn anferthol.""","Roedd y dasg yn ","i’r tîm.",Glossary: tasg=task; tîm=team; i’r=to the,Geirfa: tasg=tasg; tîm=tîm; i’r=i’r,anferthol,anferthol,anferthol,enferthol|anhygoel|ofnadwy|mawr,"anferthol","After ""yn"" before an adjective, mutation can happen, but words starting with a vowel don’t change. So anferthol stays anferthol.","Ar ôl ""yn"" cyn ansoddair, gallai treiglad ddigwydd, ond nid yw geiriau sy’n dechrau gyda llafariad yn newid. Felly mae anferthol yn aros yn anferthol.",describing|adjective|uwch1,disgrifio|ansoddair|uwch1
v000082,Uwch 1,14,adjective,ansoddair,crefftus,skilled,"Adjective meaning ""skilled/handy"". Example: ""Mae hi’n grefftus iawn gyda’i dwylo.""","Ansoddair sy’n golygu ""medrus/crefftus"". Enghraifft: ""Mae hi’n grefftus iawn gyda’i dwylo.""","Mae fy nhad yn ","gyda phren.",Glossary: tad=father; pren=wood,Geirfa: tad=tad; pren=pren,grefftus,grefftus,grefftus,crefftus|crefyddol|celfydd|medrus,"grefftus","After ""yn"" before an adjective, soft mutation applies: crefftus → grefftus (c→g).","Ar ôl ""yn"" cyn ansoddair, mae treiglad meddal: crefftus → grefftus (c→g).",skills|adjective|mutation|uwch1,sgiliau|ansoddair|treiglad|uwch1
v000083,Uwch 1,14,adjective,ansoddair,llac,loose,"Adjective meaning ""loose"" (not tight; also figuratively slack). Example: ""Mae’r rhaff yn rhy llac.""","Ansoddair sy’n golygu ""llac/rhy rhydd"". Enghraifft: ""Mae’r rhaff yn rhy llac.""","Mae’r botwm yn ","—mae angen ei drwsio.",Glossary: botwm=button; angen=need; trwsio=fix,Geirfa: botwm=botwm; angen=angen; trwsio=trwsio,llac,llac,llac,lac|llawn|llai|llyg,"llac","After ""yn"" before an adjective, soft mutation is expected, but ll- does not soft-mutate. So llac stays llac.","Ar ôl ""yn"" cyn ansoddair, disgwylir treiglad meddal, ond nid yw ll- yn treiglo’n feddal. Felly mae llac yn aros yn llac.",clothes|adjective|grammar|uwch1,dillad|ansoddair|gramadeg|uwch1
v000084,Uwch 1,14,adjective,ansoddair,pigog,spiky / touchy,"Adjective meaning ""spiky"" or (of a person) ""touchy"". Example: ""Mae e’n bigog pan mae’n flinedig.""","Ansoddair sy’n golygu ""pigog"" neu (am berson) ""pigog/sensitif"". Enghraifft: ""Mae e’n bigog pan mae’n flinedig.""","Weithiau mae e’n ","pan mae’n flinedig.",Glossary: weithiau=sometimes; blinedig=tired,Geirfa: weithiau=weithiau; blinedig=blinedig,bigog,bigog,bigog,pigog|pigo|byr|brwg,"bigog","After ""yn"" before an adjective, soft mutation applies: pigog → bigog (p→b).","Ar ôl ""yn"" cyn ansoddair, mae treiglad meddal: pigog → bigog (p→b).",people|adjective|mutation|uwch1,pobl|ansoddair|treiglad|uwch1
v000085,Uwch 1,14,adjective,ansoddair,unigryw,unique,"Adjective meaning ""unique"". Example: ""Mae gan y lle hwn naws unigryw.""","Ansoddair sy’n golygu ""unigryw"". Enghraifft: ""Mae gan y lle hwn naws unigryw.""","Mae’r profiad yn ","i bob unigolyn.",Glossary: profiad=experience; unigolyn=individual,Geirfa: profiad=profiad; unigolyn=unigolyn,unigryw,unigryw,unigryw,unigol|arbennig|anghyffredin|annhebyg,"unigryw","Words starting with a vowel don’t change with mutation, so unigryw stays unigryw.","Nid yw geiriau sy’n dechrau gyda llafariad yn newid gyda threiglad, felly mae unigryw yn aros yn unigryw.",describing|adjective|uwch1,disgrifio|ansoddair|uwch1
v000086,Uwch 1,14,preposition,arddodiad,ar draws,across,"Prepositional phrase meaning ""across"". Example: ""Aethon ni ar draws y bont.""","Ymadrodd arddodiadol sy’n golygu ""ar draws"". Enghraifft: ""Aethon ni ar draws y bont.""","Aethon ni ","y cae i gyrraedd y ffordd.",Glossary: cae=field; cyrraedd=reach; ffordd=road,Geirfa: cae=cae; cyrraedd=cyrraedd; ffordd=ffordd,ar draws,ar draws,ar draws,dros|trwy|o gwmpas|ar hyd,"ar draws","This is a fixed prepositional phrase meaning ""across"". It doesn’t change form.","Ymadrodd arddodiadol sefydlog yw hwn sy’n golygu ""ar draws"". Nid yw’n newid ffurf.",directions|preposition|movement|uwch1,cyfeiriadau|arddodiad|symud|uwch1
v000087,Uwch 1,14,idiom,idiom,cymryd yr awenau,to take the reins,"Idiom meaning ""to take control/lead"". Example: ""Pan aeth y rheolwr i ffwrdd, cymerais i’r awenau.""","Idiom sy’n golygu ""cymryd rheolaeth/arwain"". Enghraifft: ""Pan aeth y rheolwr i ffwrdd, cymerais i’r awenau.""","Pan aeth y rheolwr i ffwrdd, doedd rhaid i mi ",".",Glossary: rheolwr=manager; i ffwrdd=away; doedd rhaid=had to,Geirfa: rheolwr=rheolwr; i ffwrdd=i ffwrdd; doedd rhaid=roedd rhaid,cymryd yr awenau,cymryd yr awenau,cymryd yr awenau,cymryd y rheol|cymryd y llyw|cymryd yr awen|cymryd drosodd,"cymryd yr awenau","This is an idiom: the whole phrase fills the gap and means taking charge.","Idiom yw hwn: mae’r ymadrodd cyfan yn llenwi’r bwlch ac yn golygu cymryd y cyfrifoldeb/arwain.",work|idiom|leadership|uwch1,gwaith|idiom|arweinyddiaeth|uwch1
v000088,Uwch 1,14,preposition,arddodiad,o blaid,in favour of,"Prepositional phrase meaning ""in favour of"". Example: ""Dw i o blaid y syniad.""","Ymadrodd arddodiadol sy’n golygu ""o blaid"". Enghraifft: ""Dw i o blaid y syniad.""","Dw i’n ","newid y cynllun.",Glossary: newid=change; cynllun=plan,Geirfa: newid=newid; cynllun=cynllun,o blaid,o blaid,o blaid,yn erbyn|o flaen|ar ôl|o dan,"o blaid","This is a fixed phrase meaning ""in favour of"". It doesn’t mutate here.","Ymadrodd sefydlog yw hwn sy’n golygu ""o blaid"". Nid yw’n treiglo yma.",opinions|preposition|debate|uwch1,barn|arddodiad|trafod|uwch1
